block_id,k,start_branch_index,end_branch_index,start_residue,end_residue,start_residue_binary_msb_first,end_residue_binary_msb_first,start_residue_binary_lsb_first,end_residue_binary_lsb_first,length,residue_step,span_width,gap_from_previous_branch_indices
1,16,15,15,125,125,0000000001111101,0000000001111101,1011111000000000,1011111000000000,1,8,1,
2,16,55,55,445,445,0000000110111101,0000000110111101,1011110110000000,1011110110000000,1,8,1,39
3,16,83,83,669,669,0000001010011101,0000001010011101,1011100101000000,1011100101000000,1,8,1,27
4,16,111,111,893,893,0000001101111101,0000001101111101,1011111011000000,1011111011000000,1,8,1,27
5,16,141,141,1133,1133,0000010001101101,0000010001101101,1011011000100000,1011011000100000,1,8,1,29
6,16,163,163,1309,1309,0000010100011101,0000010100011101,1011100010100000,1011100010100000,1,8,1,21
7,16,167,167,1341,1341,0000010100111101,0000010100111101,1011110010100000,1011110010100000,1,8,1,3
8,16,212,212,1701,1701,0000011010100101,0000011010100101,1010010101100000,1010010101100000,1,8,1,44
9,16,247,247,1981,1981,0000011110111101,0000011110111101,1011110111100000,1011110111100000,1,8,1,34
10,16,255,255,2045,2045,0000011111111101,0000011111111101,1011111111100000,1011111111100000,1,8,1,7
11,16,319,319,2557,2557,0000100111111101,0000100111111101,1011111110010000,1011111110010000,1,8,1,63
12,16,333,333,2669,2669,0000101001101101,0000101001101101,1011011001010000,1011011001010000,1,8,1,13
13,16,340,340,2725,2725,0000101010100101,0000101010100101,1010010101010000,1010010101010000,1,8,1,6
14,16,351,351,2813,2813,0000101011111101,0000101011111101,1011111101010000,1011111101010000,1,8,1,10
15,16,397,397,3181,3181,0000110001101101,0000110001101101,1011011000110000,1011011000110000,1,8,1,45
16,16,403,403,3229,3229,0000110010011101,0000110010011101,1011100100110000,1011100100110000,1,8,1,5
17,16,435,435,3485,3485,0000110110011101,0000110110011101,1011100110110000,1011100110110000,1,8,1,31
18,16,444,444,3557,3557,0000110111100101,0000110111100101,1010011110110000,1010011110110000,1,8,1,8
19,16,468,468,3749,3749,0000111010100101,0000111010100101,1010010101110000,1010010101110000,1,8,1,23
20,16,479,479,3837,3837,0000111011111101,0000111011111101,1011111101110000,1011111101110000,1,8,1,10
21,16,500,500,4005,4005,0000111110100101,0000111110100101,1010010111110000,1010010111110000,1,8,1,20
22,16,511,511,4093,4093,0000111111111101,0000111111111101,1011111111110000,1011111111110000,1,8,1,10
23,16,525,525,4205,4205,0001000001101101,0001000001101101,1011011000001000,1011011000001000,1,8,1,13
24,16,527,527,4221,4221,0001000001111101,0001000001111101,1011111000001000,1011111000001000,1,8,1,1
25,16,580,580,4645,4645,0001001000100101,0001001000100101,1010010001001000,1010010001001000,1,8,1,52
26,16,605,605,4845,4845,0001001011101101,0001001011101101,1011011101001000,1011011101001000,1,8,1,24
27,16,631,631,5053,5053,0001001110111101,0001001110111101,1011110111001000,1011110111001000,1,8,1,25
28,16,639,639,5117,5117,0001001111111101,0001001111111101,1011111111001000,1011111111001000,1,8,1,7
29,16,653,653,5229,5229,0001010001101101,0001010001101101,1011011000101000,1011011000101000,1,8,1,13
30,16,681,681,5453,5453,0001010101001101,0001010101001101,1011001010101000,1011001010101000,1,8,1,27
31,16,700,700,5605,5605,0001010111100101,0001010111100101,1010011110101000,1010011110101000,1,8,1,18
32,16,703,703,5629,5629,0001010111111101,0001010111111101,1011111110101000,1011111110101000,1,8,1,2
33,16,719,719,5757,5757,0001011001111101,0001011001111101,1011111001101000,1011111001101000,1,8,1,15
34,16,735,735,5885,5885,0001011011111101,0001011011111101,1011111101101000,1011111101101000,1,8,1,15
35,16,757,757,6061,6061,0001011110101101,0001011110101101,1011010111101000,1011010111101000,1,8,1,21
36,16,791,791,6333,6333,0001100010111101,0001100010111101,1011110100011000,1011110100011000,1,8,1,33
37,16,819,819,6557,6557,0001100110011101,0001100110011101,1011100110011000,1011100110011000,1,8,1,27
38,16,831,831,6653,6653,0001100111111101,0001100111111101,1011111110011000,1011111110011000,1,8,1,11
39,16,871,871,6973,6973,0001101100111101,0001101100111101,1011110011011000,1011110011011000,1,8,1,39
40,16,895,895,7165,7165,0001101111111101,0001101111111101,1011111111011000,1011111111011000,1,8,1,23
41,16,908,909,7269,7277,0001110001100101,0001110001101101,1010011000111000,1011011000111000,2,8,9,12
42,16,947,947,7581,7581,0001110110011101,0001110110011101,1011100110111000,1011100110111000,1,8,1,37
43,16,959,959,7677,7677,0001110111111101,0001110111111101,1011111110111000,1011111110111000,1,8,1,11
44,16,980,980,7845,7845,0001111010100101,0001111010100101,1010010101111000,1010010101111000,1,8,1,20
45,16,1021,1021,8173,8173,0001111111101101,0001111111101101,1011011111111000,1011011111111000,1,8,1,40
46,16,1023,1023,8189,8189,0001111111111101,0001111111111101,1011111111111000,1011111111111000,1,8,1,1
47,16,1051,1051,8413,8413,0010000011011101,0010000011011101,1011101100000100,1011101100000100,1,8,1,27
48,16,1055,1055,8445,8445,0010000011111101,0010000011111101,1011111100000100,1011111100000100,1,8,1,3
49,16,1075,1075,8605,8605,0010000110011101,0010000110011101,1011100110000100,1011100110000100,1,8,1,19
50,16,1077,1077,8621,8621,0010000110101101,0010000110101101,1011010110000100,1011010110000100,1,8,1,1
51,16,1103,1103,8829,8829,0010001001111101,0010001001111101,1011111001000100,1011111001000100,1,8,1,25
52,16,1107,1108,8861,8869,0010001010011101,0010001010100101,1011100101000100,1010010101000100,2,8,9,3
53,16,1111,1111,8893,8893,0010001010111101,0010001010111101,1011110101000100,1011110101000100,1,8,1,2
54,16,1143,1143,9149,9149,0010001110111101,0010001110111101,1011110111000100,1011110111000100,1,8,1,31
55,16,1187,1187,9501,9501,0010010100011101,0010010100011101,1011100010100100,1011100010100100,1,8,1,43
56,16,1212,1212,9701,9701,0010010111100101,0010010111100101,1010011110100100,1010011110100100,1,8,1,24
57,16,1263,1263,10109,10109,0010011101111101,0010011101111101,1011111011100100,1011111011100100,1,8,1,50
58,16,1279,1279,10237,10237,0010011111111101,0010011111111101,1011111111100100,1011111111100100,1,8,1,15
59,16,1307,1307,10461,10461,0010100011011101,0010100011011101,1011101100010100,1011101100010100,1,8,1,27
60,16,1364,1364,10917,10917,0010101010100101,0010101010100101,1010010101010100,1010010101010100,1,8,1,56
61,16,1421,1421,11373,11373,0010110001101101,0010110001101101,1011011000110100,1011011000110100,1,8,1,56
62,16,1471,1471,11773,11773,0010110111111101,0010110111111101,1011111110110100,1011111110110100,1,8,1,49
63,16,1503,1503,12029,12029,0010111011111101,0010111011111101,1011111101110100,1011111101110100,1,8,1,31
64,16,1515,1515,12125,12125,0010111101011101,0010111101011101,1011101011110100,1011101011110100,1,8,1,11
65,16,1524,1524,12197,12197,0010111110100101,0010111110100101,1010010111110100,1010010111110100,1,8,1,8
66,16,1527,1527,12221,12221,0010111110111101,0010111110111101,1011110111110100,1011110111110100,1,8,1,2
67,16,1535,1535,12285,12285,0010111111111101,0010111111111101,1011111111110100,1011111111110100,1,8,1,7
68,16,1549,1549,12397,12397,0011000001101101,0011000001101101,1011011000001100,1011011000001100,1,8,1,13
69,16,1583,1583,12669,12669,0011000101111101,0011000101111101,1011111010001100,1011111010001100,1,8,1,33
70,16,1587,1587,12701,12701,0011000110011101,0011000110011101,1011100110001100,1011100110001100,1,8,1,3
71,16,1599,1599,12797,12797,0011000111111101,0011000111111101,1011111110001100,1011111110001100,1,8,1,11
72,16,1613,1613,12909,12909,0011001001101101,0011001001101101,1011011001001100,1011011001001100,1,8,1,13
73,16,1615,1616,12925,12933,0011001001111101,0011001010000101,1011111001001100,1010000101001100,2,8,9,1
74,16,1655,1655,13245,13245,0011001110111101,0011001110111101,1011110111001100,1011110111001100,1,8,1,38
75,16,1663,1663,13309,13309,0011001111111101,0011001111111101,1011111111001100,1011111111001100,1,8,1,7
76,16,1684,1684,13477,13477,0011010010100101,0011010010100101,1010010100101100,1010010100101100,1,8,1,20
77,16,1715,1715,13725,13725,0011010110011101,0011010110011101,1011100110101100,1011100110101100,1,8,1,30
78,16,1759,1759,14077,14077,0011011011111101,0011011011111101,1011111101101100,1011111101101100,1,8,1,43
79,16,1781,1781,14253,14253,0011011110101101,0011011110101101,1011010111101100,1011010111101100,1,8,1,21
80,16,1783,1783,14269,14269,0011011110111101,0011011110111101,1011110111101100,1011110111101100,1,8,1,1
81,16,1815,1815,14525,14525,0011100010111101,0011100010111101,1011110100011100,1011110100011100,1,8,1,31
82,16,1819,1819,14557,14557,0011100011011101,0011100011011101,1011101100011100,1011101100011100,1,8,1,3
83,16,1855,1855,14845,14845,0011100111111101,0011100111111101,1011111110011100,1011111110011100,1,8,1,35
84,16,1860,1860,14885,14885,0011101000100101,0011101000100101,1010010001011100,1010010001011100,1,8,1,4
85,16,1869,1869,14957,14957,0011101001101101,0011101001101101,1011011001011100,1011011001011100,1,8,1,8
86,16,1895,1895,15165,15165,0011101100111101,0011101100111101,1011110011011100,1011110011011100,1,8,1,25
87,16,1919,1919,15357,15357,0011101111111101,0011101111111101,1011111111011100,1011111111011100,1,8,1,23
88,16,1961,1961,15693,15693,0011110101001101,0011110101001101,1011001010111100,1011001010111100,1,8,1,41
89,16,1965,1965,15725,15725,0011110101101101,0011110101101101,1011011010111100,1011011010111100,1,8,1,3
90,16,1971,1971,15773,15773,0011110110011101,0011110110011101,1011100110111100,1011100110111100,1,8,1,5
91,16,1999,1999,15997,15997,0011111001111101,0011111001111101,1011111001111100,1011111001111100,1,8,1,27
92,16,2032,2032,16261,16261,0011111110000101,0011111110000101,1010000111111100,1010000111111100,1,8,1,32
93,16,2047,2047,16381,16381,0011111111111101,0011111111111101,1011111111111100,1011111111111100,1,8,1,14
94,16,2116,2116,16933,16933,0100001000100101,0100001000100101,1010010001000010,1010010001000010,1,8,1,68
95,16,2127,2127,17021,17021,0100001001111101,0100001001111101,1011111001000010,1011111001000010,1,8,1,10
96,16,2131,2132,17053,17061,0100001010011101,0100001010100101,1011100101000010,1010010101000010,2,8,9,3
97,16,2173,2173,17389,17389,0100001111101101,0100001111101101,1011011111000010,1011011111000010,1,8,1,40
98,16,2207,2207,17661,17661,0100010011111101,0100010011111101,1011111100100010,1011111100100010,1,8,1,33
99,16,2217,2217,17741,17741,0100010101001101,0100010101001101,1011001010100010,1011001010100010,1,8,1,9
100,16,2255,2255,18045,18045,0100011001111101,0100011001111101,1011111001100010,1011111001100010,1,8,1,37
101,16,2287,2287,18301,18301,0100011101111101,0100011101111101,1011111011100010,1011111011100010,1,8,1,31
102,16,2291,2291,18333,18333,0100011110011101,0100011110011101,1011100111100010,1011100111100010,1,8,1,3
103,16,2295,2295,18365,18365,0100011110111101,0100011110111101,1011110111100010,1011110111100010,1,8,1,3
104,16,2303,2303,18429,18429,0100011111111101,0100011111111101,1011111111100010,1011111111100010,1,8,1,7
105,16,2381,2381,19053,19053,0100101001101101,0100101001101101,1011011001010010,1011011001010010,1,8,1,77
106,16,2388,2388,19109,19109,0100101010100101,0100101010100101,1010010101010010,1010010101010010,1,8,1,6
107,16,2423,2423,19389,19389,0100101110111101,0100101110111101,1011110111010010,1011110111010010,1,8,1,34
108,16,2425,2425,19405,19405,0100101111001101,0100101111001101,1011001111010010,1011001111010010,1,8,1,1
109,16,2431,2431,19453,19453,0100101111111101,0100101111111101,1011111111010010,1011111111010010,1,8,1,5
110,16,2467,2467,19741,19741,0100110100011101,0100110100011101,1011100010110010,1011100010110010,1,8,1,35
111,16,2493,2493,19949,19949,0100110111101101,0100110111101101,1011011110110010,1011011110110010,1,8,1,25
112,16,2526,2527,20213,20221,0100111011110101,0100111011111101,1010111101110010,1011111101110010,2,8,9,32
113,16,2559,2559,20477,20477,0100111111111101,0100111111111101,1011111111110010,1011111111110010,1,8,1,31
114,16,2573,2573,20589,20589,0101000001101101,0101000001101101,1011011000001010,1011011000001010,1,8,1,13
115,16,2623,2623,20989,20989,0101000111111101,0101000111111101,1011111110001010,1011111110001010,1,8,1,49
116,16,2628,2628,21029,21029,0101001000100101,0101001000100101,1010010001001010,1010010001001010,1,8,1,4
117,16,2679,2679,21437,21437,0101001110111101,0101001110111101,1011110111001010,1011110111001010,1,8,1,50
118,16,2723,2723,21789,21789,0101010100011101,0101010100011101,1011100010101010,1011100010101010,1,8,1,43
119,16,2728,2729,21829,21837,0101010101000101,0101010101001101,1010001010101010,1011001010101010,2,8,9,4
120,16,2739,2739,21917,21917,0101010110011101,0101010110011101,1011100110101010,1011100110101010,1,8,1,9
121,16,2767,2767,22141,22141,0101011001111101,0101011001111101,1011111001101010,1011111001101010,1,8,1,27
122,16,2783,2783,22269,22269,0101011011111101,0101011011111101,1011111101101010,1011111101101010,1,8,1,15
123,16,2804,2805,22437,22445,0101011110100101,0101011110101101,1010010111101010,1011010111101010,2,8,9,20
124,16,2836,2836,22693,22693,0101100010100101,0101100010100101,1010010100011010,1010010100011010,1,8,1,30
125,16,2839,2839,22717,22717,0101100010111101,0101100010111101,1011110100011010,1011110100011010,1,8,1,2
126,16,2879,2879,23037,23037,0101100111111101,0101100111111101,1011111110011010,1011111110011010,1,8,1,39
127,16,2895,2895,23165,23165,0101101001111101,0101101001111101,1011111001011010,1011111001011010,1,8,1,15
128,16,2942,2943,23541,23549,0101101111110101,0101101111111101,1010111111011010,1011111111011010,2,8,9,46
129,16,2957,2957,23661,23661,0101110001101101,0101110001101101,1011011000111010,1011011000111010,1,8,1,13
130,16,2995,2995,23965,23965,0101110110011101,0101110110011101,1011100110111010,1011100110111010,1,8,1,37
131,16,2999,2999,23997,23997,0101110110111101,0101110110111101,1011110110111010,1011110110111010,1,8,1,3
132,16,3060,3060,24485,24485,0101111110100101,0101111110100101,1010010111111010,1010010111111010,1,8,1,60
133,16,3071,3071,24573,24573,0101111111111101,0101111111111101,1011111111111010,1011111111111010,1,8,1,10
134,16,3117,3117,24941,24941,0110000101101101,0110000101101101,1011011010000110,1011011010000110,1,8,1,45
135,16,3151,3151,25213,25213,0110001001111101,0110001001111101,1011111001000110,1011111001000110,1,8,1,33
136,16,3156,3156,25253,25253,0110001010100101,0110001010100101,1010010101000110,1010010101000110,1,8,1,4
137,16,3175,3175,25405,25405,0110001100111101,0110001100111101,1011110011000110,1011110011000110,1,8,1,18
138,16,3184,3184,25477,25477,0110001110000101,0110001110000101,1010000111000110,1010000111000110,1,8,1,8
139,16,3197,3197,25581,25581,0110001111101101,0110001111101101,1011011111000110,1011011111000110,1,8,1,12
140,16,3199,3199,25597,25597,0110001111111101,0110001111111101,1011111111000110,1011111111000110,1,8,1,1
141,16,3231,3231,25853,25853,0110010011111101,0110010011111101,1011111100100110,1011111100100110,1,8,1,31
142,16,3235,3235,25885,25885,0110010100011101,0110010100011101,1011100010100110,1011100010100110,1,8,1,3
143,16,3295,3295,26365,26365,0110011011111101,0110011011111101,1011111101100110,1011111101100110,1,8,1,59
144,16,3311,3311,26493,26493,0110011101111101,0110011101111101,1011111011100110,1011111011100110,1,8,1,15
145,16,3327,3327,26621,26621,0110011111111101,0110011111111101,1011111111100110,1011111111100110,1,8,1,15
146,16,3411,3412,27293,27301,0110101010011101,0110101010100101,1011100101010110,1010010101010110,2,8,9,83
147,16,3431,3431,27453,27453,0110101100111101,0110101100111101,1011110011010110,1011110011010110,1,8,1,18
148,16,3437,3437,27501,27501,0110101101101101,0110101101101101,1011011011010110,1011011011010110,1,8,1,5
149,16,3443,3443,27549,27549,0110101110011101,0110101110011101,1011100111010110,1011100111010110,1,8,1,5
150,16,3447,3447,27581,27581,0110101110111101,0110101110111101,1011110111010110,1011110111010110,1,8,1,3
151,16,3455,3455,27645,27645,0110101111111101,0110101111111101,1011111111010110,1011111111010110,1,8,1,7
152,16,3469,3469,27757,27757,0110110001101101,0110110001101101,1011011000110110,1011011000110110,1,8,1,13
153,16,3471,3471,27773,27773,0110110001111101,0110110001111101,1011111000110110,1011111000110110,1,8,1,1
154,16,3504,3504,28037,28037,0110110110000101,0110110110000101,1010000110110110,1010000110110110,1,8,1,32
155,16,3572,3572,28581,28581,0110111110100101,0110111110100101,1010010111110110,1010010111110110,1,8,1,67
156,16,3583,3583,28669,28669,0110111111111101,0110111111111101,1011111111110110,1011111111110110,1,8,1,10
157,16,3638,3638,29109,29109,0111000110110101,0111000110110101,1010110110001110,1010110110001110,1,8,1,54
158,16,3647,3647,29181,29181,0111000111111101,0111000111111101,1011111110001110,1011111110001110,1,8,1,8
159,16,3667,3667,29341,29341,0111001010011101,0111001010011101,1011100101001110,1011100101001110,1,8,1,19
160,16,3703,3703,29629,29629,0111001110111101,0111001110111101,1011110111001110,1011110111001110,1,8,1,35
161,16,3711,3711,29693,29693,0111001111111101,0111001111111101,1011111111001110,1011111111001110,1,8,1,7
162,16,3740,3740,29925,29925,0111010011100101,0111010011100101,1010011100101110,1010011100101110,1,8,1,28
163,16,3763,3763,30109,30109,0111010110011101,0111010110011101,1011100110101110,1011100110101110,1,8,1,22
164,16,3807,3807,30461,30461,0111011011111101,0111011011111101,1011111101101110,1011111101101110,1,8,1,43
165,16,3839,3839,30717,30717,0111011111111101,0111011111111101,1011111111101110,1011111111101110,1,8,1,31
166,16,3853,3853,30829,30829,0111100001101101,0111100001101101,1011011000011110,1011011000011110,1,8,1,13
167,16,3860,3860,30885,30885,0111100010100101,0111100010100101,1010010100011110,1010010100011110,1,8,1,6
168,16,3903,3903,31229,31229,0111100111111101,0111100111111101,1011111110011110,1011111110011110,1,8,1,42
169,16,3919,3919,31357,31357,0111101001111101,0111101001111101,1011111001011110,1011111001011110,1,8,1,15
170,16,3924,3924,31397,31397,0111101010100101,0111101010100101,1010010101011110,1010010101011110,1,8,1,4
171,16,3943,3943,31549,31549,0111101100111101,0111101100111101,1011110011011110,1011110011011110,1,8,1,18
172,16,3967,3967,31741,31741,0111101111111101,0111101111111101,1011111111011110,1011111111011110,1,8,1,23
173,16,3981,3981,31853,31853,0111110001101101,0111110001101101,1011011000111110,1011011000111110,1,8,1,13
174,16,4019,4019,32157,32157,0111110110011101,0111110110011101,1011100110111110,1011100110111110,1,8,1,37
175,16,4063,4063,32509,32509,0111111011111101,0111111011111101,1011111101111110,1011111101111110,1,8,1,43
176,16,4085,4085,32685,32685,0111111110101101,0111111110101101,1011010111111110,1011010111111110,1,8,1,21
177,16,4094,4095,32757,32765,0111111111110101,0111111111111101,1010111111111110,1011111111111110,2,8,9,8
178,16,4109,4109,32877,32877,1000000001101101,1000000001101101,1011011000000001,1011011000000001,1,8,1,13
179,16,4119,4119,32957,32957,1000000010111101,1000000010111101,1011110100000001,1011110100000001,1,8,1,9
180,16,4141,4141,33133,33133,1000000101101101,1000000101101101,1011011010000001,1011011010000001,1,8,1,21
181,16,4151,4151,33213,33213,1000000110111101,1000000110111101,1011110110000001,1011110110000001,1,8,1,9
182,16,4156,4156,33253,33253,1000000111100101,1000000111100101,1010011110000001,1010011110000001,1,8,1,4
183,16,4175,4175,33405,33405,1000001001111101,1000001001111101,1011111001000001,1011111001000001,1,8,1,18
184,16,4179,4179,33437,33437,1000001010011101,1000001010011101,1011100101000001,1011100101000001,1,8,1,3
185,16,4208,4208,33669,33669,1000001110000101,1000001110000101,1010000111000001,1010000111000001,1,8,1,28
186,16,4221,4221,33773,33773,1000001111101101,1000001111101101,1011011111000001,1011011111000001,1,8,1,12
187,16,4255,4255,34045,34045,1000010011111101,1000010011111101,1011111100100001,1011111100100001,1,8,1,33
188,16,4319,4319,34557,34557,1000011011111101,1000011011111101,1011111101100001,1011111101100001,1,8,1,63
189,16,4341,4341,34733,34733,1000011110101101,1000011110101101,1011010111100001,1011010111100001,1,8,1,21
190,16,4347,4347,34781,34781,1000011111011101,1000011111011101,1011101111100001,1011101111100001,1,8,1,5
191,16,4351,4351,34813,34813,1000011111111101,1000011111111101,1011111111100001,1011111111100001,1,8,1,3
192,16,4375,4375,35005,35005,1000100010111101,1000100010111101,1011110100010001,1011110100010001,1,8,1,23
193,16,4414,4415,35317,35325,1000100111110101,1000100111111101,1010111110010001,1011111110010001,2,8,9,38
194,16,4436,4436,35493,35493,1000101010100101,1000101010100101,1010010101010001,1010010101010001,1,8,1,20
195,16,4447,4447,35581,35581,1000101011111101,1000101011111101,1011111101010001,1011111101010001,1,8,1,10
196,16,4467,4467,35741,35741,1000101110011101,1000101110011101,1011100111010001,1011100111010001,1,8,1,19
197,16,4471,4471,35773,35773,1000101110111101,1000101110111101,1011110111010001,1011110111010001,1,8,1,3
198,16,4479,4479,35837,35837,1000101111111101,1000101111111101,1011111111010001,1011111111010001,1,8,1,7
199,16,4531,4531,36253,36253,1000110110011101,1000110110011101,1011100110110001,1011100110110001,1,8,1,51
200,16,4549,4549,36397,36397,1000111000101101,1000111000101101,1011010001110001,1011010001110001,1,8,1,17
201,16,4575,4575,36605,36605,1000111011111101,1000111011111101,1011111101110001,1011111101110001,1,8,1,25
202,16,4591,4591,36733,36733,1000111101111101,1000111101111101,1011111011110001,1011111011110001,1,8,1,15
203,16,4621,4621,36973,36973,1001000001101101,1001000001101101,1011011000001001,1011011000001001,1,8,1,29
204,16,4623,4623,36989,36989,1001000001111101,1001000001111101,1011111000001001,1011111000001001,1,8,1,1
205,16,4692,4692,37541,37541,1001001010100101,1001001010100101,1010010101001001,1010010101001001,1,8,1,68
206,16,4727,4727,37821,37821,1001001110111101,1001001110111101,1011110111001001,1011110111001001,1,8,1,34
207,16,4749,4749,37997,37997,1001010001101101,1001010001101101,1011011000101001,1011011000101001,1,8,1,21
208,16,4763,4763,38109,38109,1001010011011101,1001010011011101,1011101100101001,1011101100101001,1,8,1,13
209,16,4831,4831,38653,38653,1001011011111101,1001011011111101,1011111101101001,1011111101101001,1,8,1,67
210,16,4847,4847,38781,38781,1001011101111101,1001011101111101,1011111011101001,1011111011101001,1,8,1,15
211,16,4853,4853,38829,38829,1001011110101101,1001011110101101,1011010111101001,1011010111101001,1,8,1,5
212,16,4863,4863,38909,38909,1001011111111101,1001011111111101,1011111111101001,1011111111101001,1,8,1,9
213,16,4884,4884,39077,39077,1001100010100101,1001100010100101,1010010100011001,1010010100011001,1,8,1,20
214,16,4887,4887,39101,39101,1001100010111101,1001100010111101,1011110100011001,1011110100011001,1,8,1,2
215,16,4927,4927,39421,39421,1001100111111101,1001100111111101,1011111110011001,1011111110011001,1,8,1,39
216,16,4943,4943,39549,39549,1001101001111101,1001101001111101,1011111001011001,1011111001011001,1,8,1,15
217,16,4948,4948,39589,39589,1001101010100101,1001101010100101,1010010101011001,1010010101011001,1,8,1,4
218,16,5005,5005,40045,40045,1001110001101101,1001110001101101,1011011000111001,1011011000111001,1,8,1,56
219,16,5043,5043,40349,40349,1001110110011101,1001110110011101,1011100110111001,1011100110111001,1,8,1,37
220,16,5076,5076,40613,40613,1001111010100101,1001111010100101,1010010101111001,1010010101111001,1,8,1,32
221,16,5118,5119,40949,40957,1001111111110101,1001111111111101,1010111111111001,1011111111111001,2,8,9,41
222,16,5156,5156,41253,41253,1010000100100101,1010000100100101,1010010010000101,1010010010000101,1,8,1,36
223,16,5165,5165,41325,41325,1010000101101101,1010000101101101,1011011010000101,1011011010000101,1,8,1,8
224,16,5175,5175,41405,41405,1010000110111101,1010000110111101,1011110110000101,1011110110000101,1,8,1,9
225,16,5183,5183,41469,41469,1010000111111101,1010000111111101,1011111110000101,1011111110000101,1,8,1,7
226,16,5199,5199,41597,41597,1010001001111101,1010001001111101,1011111001000101,1011111001000101,1,8,1,15
227,16,5204,5204,41637,41637,1010001010100101,1010001010100101,1010010101000101,1010010101000101,1,8,1,4
228,16,5232,5232,41861,41861,1010001110000101,1010001110000101,1010000111000101,1010000111000101,1,8,1,27
229,16,5239,5239,41917,41917,1010001110111101,1010001110111101,1011110111000101,1011110111000101,1,8,1,6
230,16,5257,5257,42061,42061,1010010001001101,1010010001001101,1011001000100101,1011001000100101,1,8,1,17
231,16,5299,5299,42397,42397,1010010110011101,1010010110011101,1011100110100101,1011100110100101,1,8,1,41
232,16,5308,5308,42469,42469,1010010111100101,1010010111100101,1010011110100101,1010011110100101,1,8,1,8
233,16,5325,5325,42605,42605,1010011001101101,1010011001101101,1011011001100101,1011011001100101,1,8,1,16
234,16,5343,5343,42749,42749,1010011011111101,1010011011111101,1011111101100101,1011111101100101,1,8,1,17
235,16,5359,5359,42877,42877,1010011101111101,1010011101111101,1011111011100101,1011111011100101,1,8,1,15
236,16,5375,5375,43005,43005,1010011111111101,1010011111111101,1011111111100101,1011111111100101,1,8,1,15
237,16,5439,5439,43517,43517,1010100111111101,1010100111111101,1011111110010101,1011111110010101,1,8,1,63
238,16,5458,5458,43669,43669,1010101010010101,1010101010010101,1010100101010101,1010100101010101,1,8,1,18
239,16,5460,5460,43685,43685,1010101010100101,1010101010100101,1010010101010101,1010010101010101,1,8,1,1
240,16,5471,5471,43773,43773,1010101011111101,1010101011111101,1011111101010101,1011111101010101,1,8,1,10
241,16,5491,5491,43933,43933,1010101110011101,1010101110011101,1011100111010101,1011100111010101,1,8,1,19
242,16,5501,5501,44013,44013,1010101111101101,1010101111101101,1011011111010101,1011011111010101,1,8,1,9
243,16,5535,5535,44285,44285,1010110011111101,1010110011111101,1011111100110101,1011111100110101,1,8,1,33
244,16,5555,5555,44445,44445,1010110110011101,1010110110011101,1011100110110101,1011100110110101,1,8,1,19
245,16,5567,5567,44541,44541,1010110111111101,1010110111111101,1011111110110101,1011111110110101,1,8,1,11
246,16,5572,5572,44581,44581,1010111000100101,1010111000100101,1010010001110101,1010010001110101,1,8,1,4
247,16,5628,5628,45029,45029,1010111111100101,1010111111100101,1010011111110101,1010011111110101,1,8,1,55
248,16,5631,5631,45053,45053,1010111111111101,1010111111111101,1011111111110101,1011111111110101,1,8,1,2
249,16,5647,5647,45181,45181,1011000001111101,1011000001111101,1011111000001101,1011111000001101,1,8,1,15
250,16,5673,5673,45389,45389,1011000101001101,1011000101001101,1011001010001101,1011001010001101,1,8,1,25
251,16,5683,5683,45469,45469,1011000110011101,1011000110011101,1011100110001101,1011100110001101,1,8,1,9
252,16,5695,5695,45565,45565,1011000111111101,1011000111111101,1011111110001101,1011111110001101,1,8,1,11
253,16,5711,5711,45693,45693,1011001001111101,1011001001111101,1011111001001101,1011111001001101,1,8,1,15
254,16,5751,5751,46013,46013,1011001110111101,1011001110111101,1011110111001101,1011110111001101,1,8,1,39
255,16,5757,5757,46061,46061,1011001111101101,1011001111101101,1011011111001101,1011011111001101,1,8,1,5
256,16,5763,5763,46109,46109,1011010000011101,1011010000011101,1011100000101101,1011100000101101,1,8,1,5
257,16,5773,5773,46189,46189,1011010001101101,1011010001101101,1011011000101101,1011011000101101,1,8,1,9
258,16,5791,5791,46333,46333,1011010011111101,1011010011111101,1011111100101101,1011111100101101,1,8,1,17
259,16,5811,5811,46493,46493,1011010110011101,1011010110011101,1011100110101101,1011100110101101,1,8,1,19
260,16,5887,5887,47101,47101,1011011111111101,1011011111111101,1011111111101101,1011111111101101,1,8,1,75
261,16,5915,5915,47325,47325,1011100011011101,1011100011011101,1011101100011101,1011101100011101,1,8,1,27
262,16,5951,5951,47613,47613,1011100111111101,1011100111111101,1011111110011101,1011111110011101,1,8,1,35
263,16,5972,5972,47781,47781,1011101010100101,1011101010100101,1010010101011101,1010010101011101,1,8,1,20
264,16,6007,6007,48061,48061,1011101110111101,1011101110111101,1011110111011101,1011110111011101,1,8,1,34
265,16,6015,6015,48125,48125,1011101111111101,1011101111111101,1011111111011101,1011111111011101,1,8,1,7
266,16,6029,6029,48237,48237,1011110001101101,1011110001101101,1011011000111101,1011011000111101,1,8,1,13
267,16,6067,6067,48541,48541,1011110110011101,1011110110011101,1011100110111101,1011100110111101,1,8,1,37
268,16,6100,6100,48805,48805,1011111010100101,1011111010100101,1010010101111101,1010010101111101,1,8,1,32
269,16,6142,6143,49141,49149,1011111111110101,1011111111111101,1010111111111101,1011111111111101,2,8,9,41
270,16,6164,6164,49317,49317,1100000010100101,1100000010100101,1010010100000011,1010010100000011,1,8,1,20
271,16,6179,6179,49437,49437,1100000100011101,1100000100011101,1011100010000011,1011100010000011,1,8,1,14
272,16,6199,6199,49597,49597,1100000110111101,1100000110111101,1011110110000011,1011110110000011,1,8,1,19
273,16,6223,6223,49789,49789,1100001001111101,1100001001111101,1011111001000011,1011111001000011,1,8,1,23
274,16,6235,6235,49885,49885,1100001011011101,1100001011011101,1011101101000011,1011101101000011,1,8,1,11
275,16,6263,6263,50109,50109,1100001110111101,1100001110111101,1011110111000011,1011110111000011,1,8,1,27
276,16,6269,6269,50157,50157,1100001111101101,1100001111101101,1011011111000011,1011011111000011,1,8,1,5
277,16,6303,6303,50429,50429,1100010011111101,1100010011111101,1011111100100011,1011111100100011,1,8,1,33
278,16,6332,6332,50661,50661,1100010111100101,1100010111100101,1010011110100011,1010011110100011,1,8,1,28
279,16,6369,6369,50957,50957,1100011100001101,1100011100001101,1011000011100011,1011000011100011,1,8,1,36
280,16,6391,6391,51133,51133,1100011110111101,1100011110111101,1011110111100011,1011110111100011,1,8,1,21
281,16,6420,6420,51365,51365,1100100010100101,1100100010100101,1010010100010011,1010010100010011,1,8,1,28
282,16,6445,6445,51565,51565,1100100101101101,1100100101101101,1011011010010011,1011011010010011,1,8,1,24
283,16,6463,6463,51709,51709,1100100111111101,1100100111111101,1011111110010011,1011111110010011,1,8,1,17
284,16,6471,6471,51773,51773,1100101000111101,1100101000111101,1011110001010011,1011110001010011,1,8,1,7
285,16,6477,6477,51821,51821,1100101001101101,1100101001101101,1011011001010011,1011011001010011,1,8,1,5
286,16,6479,6479,51837,51837,1100101001111101,1100101001111101,1011111001010011,1011111001010011,1,8,1,1
287,16,6495,6495,51965,51965,1100101011111101,1100101011111101,1011111101010011,1011111101010011,1,8,1,15
288,16,6512,6512,52101,52101,1100101110000101,1100101110000101,1010000111010011,1010000111010011,1,8,1,16
289,16,6516,6516,52133,52133,1100101110100101,1100101110100101,1010010111010011,1010010111010011,1,8,1,3
290,16,6519,6519,52157,52157,1100101110111101,1100101110111101,1011110111010011,1011110111010011,1,8,1,2
291,16,6527,6527,52221,52221,1100101111111101,1100101111111101,1011111111010011,1011111111010011,1,8,1,7
292,16,6579,6579,52637,52637,1100110110011101,1100110110011101,1011100110110011,1011100110110011,1,8,1,51
293,16,6591,6591,52733,52733,1100110111111101,1100110111111101,1011111110110011,1011111110110011,1,8,1,11
294,16,6655,6655,53245,53245,1100111111111101,1100111111111101,1011111111110011,1011111111110011,1,8,1,63
295,16,6671,6671,53373,53373,1101000001111101,1101000001111101,1011111000001011,1011111000001011,1,8,1,15
296,16,6701,6701,53613,53613,1101000101101101,1101000101101101,1011011010001011,1011011010001011,1,8,1,29
297,16,6707,6707,53661,53661,1101000110011101,1101000110011101,1011100110001011,1011100110001011,1,8,1,5
298,16,6724,6724,53797,53797,1101001000100101,1101001000100101,1010010001001011,1010010001001011,1,8,1,16
299,16,6735,6735,53885,53885,1101001001111101,1101001001111101,1011111001001011,1011111001001011,1,8,1,10
300,16,6768,6768,54149,54149,1101001110000101,1101001110000101,1010000111001011,1010000111001011,1,8,1,32
301,16,6771,6771,54173,54173,1101001110011101,1101001110011101,1011100111001011,1011100111001011,1,8,1,2
302,16,6775,6775,54205,54205,1101001110111101,1101001110111101,1011110111001011,1011110111001011,1,8,1,3
303,16,6797,6797,54381,54381,1101010001101101,1101010001101101,1011011000101011,1011011000101011,1,8,1,21
304,16,6825,6825,54605,54605,1101010101001101,1101010101001101,1011001010101011,1011001010101011,1,8,1,27
305,16,6863,6863,54909,54909,1101011001111101,1101011001111101,1011111001101011,1011111001101011,1,8,1,37
306,16,6879,6879,55037,55037,1101011011111101,1101011011111101,1011111101101011,1011111101101011,1,8,1,15
307,16,6887,6887,55101,55101,1101011100111101,1101011100111101,1011110011101011,1011110011101011,1,8,1,7
308,16,6932,6932,55461,55461,1101100010100101,1101100010100101,1010010100011011,1010010100011011,1,8,1,44
309,16,6939,6939,55517,55517,1101100011011101,1101100011011101,1011101100011011,1011101100011011,1,8,1,6
310,16,6976,6976,55813,55813,1101101000000101,1101101000000101,1010000001011011,1010000001011011,1,8,1,36
311,16,6991,6991,55933,55933,1101101001111101,1101101001111101,1011111001011011,1011111001011011,1,8,1,14
312,16,7027,7027,56221,56221,1101101110011101,1101101110011101,1011100111011011,1011100111011011,1,8,1,35
313,16,7039,7039,56317,56317,1101101111111101,1101101111111101,1011111111011011,1011111111011011,1,8,1,11
314,16,7044,7044,56357,56357,1101110000100101,1101110000100101,1010010000111011,1010010000111011,1,8,1,4
315,16,7053,7053,56429,56429,1101110001101101,1101110001101101,1011011000111011,1011011000111011,1,8,1,8
316,16,7123,7124,56989,56997,1101111010011101,1101111010100101,1011100101111011,1010010101111011,2,8,9,69
317,16,7145,7145,57165,57165,1101111101001101,1101111101001101,1011001011111011,1011001011111011,1,8,1,20
318,16,7167,7167,57341,57341,1101111111111101,1101111111111101,1011111111111011,1011111111111011,1,8,1,21
319,16,7213,7213,57709,57709,1110000101101101,1110000101101101,1011011010000111,1011011010000111,1,8,1,45
320,16,7247,7247,57981,57981,1110001001111101,1110001001111101,1011111001000111,1011111001000111,1,8,1,33
321,16,7280,7280,58245,58245,1110001110000101,1110001110000101,1010000111000111,1010000111000111,1,8,1,32
322,16,7287,7287,58301,58301,1110001110111101,1110001110111101,1011110111000111,1011110111000111,1,8,1,6
323,16,7331,7331,58653,58653,1110010100011101,1110010100011101,1011100010100111,1011100010100111,1,8,1,43
324,16,7356,7356,58853,58853,1110010111100101,1110010111100101,1010011110100111,1010011110100111,1,8,1,24
325,16,7381,7381,59053,59053,1110011010101101,1110011010101101,1011010101100111,1011010101100111,1,8,1,24
326,16,7391,7391,59133,59133,1110011011111101,1110011011111101,1011111101100111,1011111101100111,1,8,1,9
327,16,7415,7415,59325,59325,1110011110111101,1110011110111101,1011110111100111,1011110111100111,1,8,1,23
328,16,7422,7423,59381,59389,1110011111110101,1110011111111101,1010111111100111,1011111111100111,2,8,9,6
329,16,7479,7479,59837,59837,1110100110111101,1110100110111101,1011110110010111,1011110110010111,1,8,1,55
330,16,7501,7501,60013,60013,1110101001101101,1110101001101101,1011011001010111,1011011001010111,1,8,1,21
331,16,7508,7508,60069,60069,1110101010100101,1110101010100101,1010010101010111,1010010101010111,1,8,1,6
332,16,7539,7539,60317,60317,1110101110011101,1110101110011101,1011100111010111,1011100111010111,1,8,1,30
333,16,7565,7565,60525,60525,1110110001101101,1110110001101101,1011011000110111,1011011000110111,1,8,1,25
334,16,7615,7615,60925,60925,1110110111111101,1110110111111101,1011111110110111,1011111110110111,1,8,1,49
335,16,7651,7651,61213,61213,1110111100011101,1110111100011101,1011100011110111,1011100011110111,1,8,1,35
336,16,7668,7668,61349,61349,1110111110100101,1110111110100101,1010010111110111,1010010111110111,1,8,1,16
337,16,7678,7679,61429,61437,1110111111110101,1110111111111101,1010111111110111,1011111111110111,2,8,9,9
338,16,7731,7731,61853,61853,1111000110011101,1111000110011101,1011100110001111,1011100110001111,1,8,1,51
339,16,7735,7735,61885,61885,1111000110111101,1111000110111101,1011110110001111,1011110110001111,1,8,1,3
340,16,7748,7748,61989,61989,1111001000100101,1111001000100101,1010010001001111,1010010001001111,1,8,1,12
341,16,7759,7759,62077,62077,1111001001111101,1111001001111101,1011111001001111,1011111001001111,1,8,1,10
342,16,7775,7775,62205,62205,1111001011111101,1111001011111101,1011111101001111,1011111101001111,1,8,1,15
343,16,7797,7797,62381,62381,1111001110101101,1111001110101101,1011010111001111,1011010111001111,1,8,1,21
344,16,7807,7807,62461,62461,1111001111111101,1111001111111101,1011111111001111,1011111111001111,1,8,1,9
345,16,7831,7831,62653,62653,1111010010111101,1111010010111101,1011110100101111,1011110100101111,1,8,1,23
346,16,7849,7849,62797,62797,1111010101001101,1111010101001101,1011001010101111,1011001010101111,1,8,1,17
347,16,7886,7887,63093,63101,1111011001110101,1111011001111101,1010111001101111,1011111001101111,2,8,9,36
348,16,7903,7903,63229,63229,1111011011111101,1111011011111101,1011111101101111,1011111101101111,1,8,1,15
349,16,7935,7935,63485,63485,1111011111111101,1111011111111101,1011111111101111,1011111111101111,1,8,1,31
350,16,7951,7951,63613,63613,1111100001111101,1111100001111101,1011111000011111,1011111000011111,1,8,1,15
351,16,7963,7963,63709,63709,1111100011011101,1111100011011101,1011101100011111,1011101100011111,1,8,1,11
352,16,7988,7988,63909,63909,1111100110100101,1111100110100101,1010010110011111,1010010110011111,1,8,1,24
353,16,7999,7999,63997,63997,1111100111111101,1111100111111101,1011111110011111,1011111110011111,1,8,1,10
354,16,8020,8020,64165,64165,1111101010100101,1111101010100101,1010010101011111,1010010101011111,1,8,1,20
355,16,8031,8031,64253,64253,1111101011111101,1111101011111101,1011111101011111,1011111101011111,1,8,1,10
356,16,8039,8039,64317,64317,1111101100111101,1111101100111101,1011110011011111,1011110011011111,1,8,1,7
357,16,8063,8063,64509,64509,1111101111111101,1111101111111101,1011111111011111,1011111111011111,1,8,1,23
358,16,8077,8077,64621,64621,1111110001101101,1111110001101101,1011011000111111,1011011000111111,1,8,1,13
359,16,8115,8115,64925,64925,1111110110011101,1111110110011101,1011100110111111,1011100110111111,1,8,1,37
360,16,8190,8191,65525,65533,1111111111110101,1111111111111101,1010111111111111,1011111111111111,2,8,9,74
