n,block,current_odd,tail,odd_factor,exit_v2,next_odd,next_tail,steps_to_next_odd,compressed_steps,local_odd_ratio,cumulative_odd_ratio,local_peak_ratio,cumulative_peak_ratio,local_log_ratio,cumulative_log_ratio,status_after
626331,1,626331,2,156583,1,704623,4,5,5,1.125000997875,1.125000997875,4.5000039915,4.5000039915,0.117783922656,0.117783922656,continue
626331,2,704623,4,44039,1,1783579,2,9,14,2.531252882747,2.847662018964,10.125011530989,11.390648075858,0.928714390735,1.046498313391,continue
626331,3,1783579,2,445895,1,2006527,9,5,19,1.125000350419,3.20362076921,4.500001401676,12.81448307684,0.11778334714,1.164281660531,continue
626331,4,2006527,9,3919,2,19284419,2,20,39,9.610844508945,30.789501078503,76.88675607156,246.316008628026,2.262892097263,3.427173757794,continue
626331,5,19284419,2,4821105,3,5423743,7,7,46,0.281250008102,8.659547427798,4.500000129638,138.552758844764,-1.268511296655,2.158662461139,continue
626331,6,5423743,7,42373,1,46334875,2,15,61,8.542970232918,73.978255906222,34.171880931674,295.913023624888,2.145108749781,4.30377121092,continue
626331,7,46334875,2,11583719,1,52126735,4,5,66,1.125000013489,83.225538892375,4.500000053955,332.902155569499,0.117783047646,4.421554258566,continue
626331,8,52126735,4,3257921,4,16493225,1,12,78,0.316406254871,26.333081070552,10.12500015587,842.658594257669,-1.150728274413,3.270825984154,continue
626331,9,16493225,1,8246613,1,12369919,14,3,81,0.750000015158,19.749811202064,3.000000060631,78.999244808256,-0.287682052241,2.983143931912,continue
626331,10,12369919,14,755,1,1805570797,1,29,110,145.964641886499,2882.774119435251,583.858567545996,11531.096477741003,4.983364413519,7.966508345431,continue
626331,11,1805570797,1,902785399,2,677089049,1,4,114,0.375000000069,1081.040294987794,3.000000000554,8648.322359902351,-0.980829252827,6.985679092604,continue
626331,12,677089049,1,338544525,1,507816787,2,3,117,0.750000000369,810.780221639995,3.000000001477,3243.120886559982,-0.287682071959,6.697997020644,continue
626331,13,507816787,2,126954197,2,285646943,5,6,123,0.562500000615,456.063875171435,4.500000004923,3648.511001371479,-0.57536414381,6.122632876835,continue
626331,14,285646943,5,8926467,3,271141435,2,13,136,0.949218752885,432.904382826333,15.187500046167,6926.470125221329,-0.052115998099,6.070516878736,continue
626331,15,271141435,2,67785359,1,305034115,2,5,141,1.125000002305,487.0174316775,4.50000000922,1948.069726709998,0.117783037705,6.188299916441,continue
626331,16,305034115,2,76258529,3,85790845,1,7,148,0.281250000512,136.973652908766,4.500000008196,2191.578446540248,-1.268511323642,4.919788592799,continue
626331,17,85790845,1,42895423,2,32171567,4,4,152,0.375000001457,51.365120040362,3.000000011656,410.920960322896,-0.980829249126,3.938959343672,continue
626331,18,32171567,4,2010723,1,81434281,1,9,161,2.531250063138,130.01796334526,10.125000252552,520.07185338104,0.928713276816,4.867672620489,continue
626331,19,81434281,1,40717141,1,61075711,8,3,164,0.75000000307,97.513472908095,3.00000001228,390.05389163238,-0.287682068359,4.57999055213,continue
626331,20,61075711,8,238577,4,97831481,1,20,184,1.601806665828,156.197730912249,51.257813306504,4998.327389191977,0.47113215836,5.05112271049,continue
626331,21,97831481,1,48915741,1,73373611,2,3,187,0.750000002555,117.148298583337,3.000000010222,468.593194333348,-0.287682069045,4.763440641445,continue
626331,22,73373611,2,18343403,1,82545313,1,5,192,1.125000008518,131.791836904129,4.500000034072,527.167347616516,0.117783043228,4.881223684673,continue
626331,23,82545313,1,41272657,1,61908985,1,3,195,0.750000003029,98.843878077247,3.000000012115,395.375512308987,-0.287682068414,4.59354161626,continue
626331,24,61908985,1,30954493,1,46431739,2,3,198,0.750000004038,74.132908957085,3.000000016153,296.53163582834,-0.287682067068,4.305859549192,continue
626331,25,46431739,2,11607935,1,52235707,2,5,203,1.125000013461,83.399523574596,4.500000053842,333.598094298382,0.117783047621,4.423642596814,continue
626331,26,52235707,2,13058927,1,58765171,2,5,208,1.125000011965,93.824465019295,4.50000004786,375.29786007718,0.117783046292,4.541425643105,continue
626331,27,58765171,2,14691293,2,33055409,1,6,214,0.562500005318,52.776262072291,4.500000042542,422.210096578327,-0.57536413545,3.966061507656,continue
626331,28,33055409,1,16527705,1,24791557,1,3,217,0.750000007563,39.582196953368,3.000000030252,158.328787813472,-0.287682062368,3.678379445288,continue
626331,29,24791557,1,12395779,3,4648417,1,5,222,0.187500002521,7.421662028544,3.000000040336,118.746592456704,-1.673976420126,2.004403025162,continue
626331,30,4648417,1,2324209,1,3486313,1,3,225,0.750000053782,5.566246920558,3.000000215127,22.264987682232,-0.287682000743,1.716721024419,continue
626331,31,3486313,1,1743157,1,2614735,4,3,228,0.750000071709,4.174685589568,3.000000286836,16.698742358274,-0.28768197684,1.429039047579,continue
626331,32,2614735,4,163421,2,3309275,2,10,238,1.265625388424,5.283588070844,10.125003107389,42.268704566755,0.235566378215,1.664605425795,continue
626331,33,3309275,2,827319,1,3722935,3,5,243,1.125000188863,5.944037577575,4.500000755452,23.776150310299,0.117783203535,1.782388629329,continue
626331,34,3722935,3,465367,2,3141227,2,8,251,0.843750159484,5.01528265406,6.750001275875,40.122261232479,-0.169898847777,1.612489781552,continue
626331,35,3141227,2,785307,1,3533881,1,5,256,1.125000198967,5.642193983692,4.500000795867,22.568775934769,0.117783212516,1.730272994068,continue
626331,36,3533881,1,1766941,1,2650411,2,3,259,0.750000070744,4.231645886919,3.000000282975,16.926583547677,-0.287681978127,1.442591015941,continue
626331,37,2650411,2,662603,1,2981713,1,5,264,1.125000235812,4.760602620659,4.50000094325,19.042410482636,0.117783245267,1.560374261209,continue
626331,38,2981713,1,1490857,1,2236285,1,3,267,0.750000083844,3.570452364644,3.000000335378,14.281809458577,-0.287681960659,1.27269230055,continue
626331,39,2236285,1,1118143,2,838607,4,4,271,0.375000055896,1.338919836317,3.00000044717,10.711358690533,-0.980829103955,0.291863196595,continue
626331,40,838607,4,52413,2,1061363,2,10,281,1.265626211086,1.694572039385,10.125009688686,13.556576315079,0.23556702822,0.527430224814,continue
626331,41,1061363,2,265341,2,597017,1,6,287,0.562500294433,0.953197271091,4.500002355462,7.625578168732,-0.575363621468,-0.047933396654,drop
667375,1,667375,4,41711,1,1689295,4,9,9,2.531253043641,2.531253043641,10.125012174565,10.125012174565,0.928714454298,0.928714454298,continue
667375,2,1689295,4,105581,2,2138015,5,10,19,1.265625601212,3.203618655179,10.125004809699,25.628949241431,0.235566546345,1.164281000643,continue
667375,3,2138015,5,66813,1,8117779,2,11,30,3.796876542026,12.163744521446,15.187506168105,48.654978085784,1.334178766111,2.498459766754,continue
667375,4,8117779,2,2029445,2,4566251,2,6,36,0.562500038496,6.842106761566,4.500000307966,54.736854092527,-0.575364076467,1.923095690287,continue
667375,5,4566251,2,1141563,1,5137033,1,5,41,1.125000136874,7.697371043267,4.500000547495,30.789484173066,0.117783157322,2.040878847609,continue
667375,6,5137033,1,2568517,1,3852775,3,3,44,0.750000048666,5.773028657052,3.000000194665,23.092114628208,-0.287682007563,1.753196840046,continue
667375,7,3852775,3,481597,1,6501559,3,7,51,1.687500308219,9.741987638134,6.750001232878,38.967950552538,0.523248326413,2.276445166459,continue
667375,8,6501559,3,812695,2,5485691,2,8,59,0.843750091324,8.219802959356,6.750000730594,65.758423674845,-0.169898928559,2.106546237899,continue
667375,9,5485691,2,1371423,1,6171403,2,5,64,1.125000113933,9.24727926578,4.500000455731,36.98911706312,0.11778313693,2.224329374829,continue
667375,10,6171403,2,1542851,1,6942829,1,5,69,1.125000101274,10.403190110508,4.500000405094,41.61276044203,0.117783125677,2.342112500507,continue
667375,11,6942829,1,3471415,2,2603561,1,4,73,0.375000018004,3.901196478741,3.000000144034,31.209571829931,-0.980829205001,1.361283295506,continue
667375,12,2603561,1,1301781,1,1952671,5,3,76,0.750000096022,2.925897733658,3.000000384089,11.703590934632,-0.287681944422,1.073601351084,continue
667375,13,1952671,5,61021,1,7414051,2,11,87,3.796876688392,11.109272897546,15.18750675357,44.437091590185,1.33417880466,2.407780155744,continue
667375,14,7414051,2,1853513,4,1042601,1,8,95,0.140625010537,1.562241618281,4.500000337198,49.991731784978,-1.961658431091,0.446121724654,continue
667375,15,1042601,1,521301,1,781951,7,3,98,0.750000239785,1.171681588312,3.00000095914,4.68672635325,-0.287681752739,0.158439971915,continue
667375,16,781951,7,6109,1,6680191,7,15,113,8.542979035771,10.009651245552,34.171916143083,40.038604982206,2.145109780201,2.303549752116,continue
667375,17,6680191,7,52189,1,57068671,7,15,128,8.542969954003,85.512149840794,34.171879816011,342.048599363177,2.145108717132,4.448658469248,continue
667375,18,57068671,7,445849,1,487535881,1,15,143,8.542968890935,730.52763588687,34.17187556374,2922.110543547481,2.145108592694,6.593767061942,continue
667375,19,487535881,1,243767941,1,365651911,3,3,146,0.750000000513,547.895727289755,3.000000002051,2191.582909159019,-0.287682071768,6.306084990174,continue
667375,20,365651911,3,45706489,1,617037601,1,7,153,1.687500003248,924.57404158082,6.75000001299,3698.296166323281,0.523248145689,6.829333135863,continue
667375,21,617037601,1,308518801,1,462778201,1,3,156,0.750000000405,693.430531560217,3.000000001621,2773.722126240869,-0.287682071912,6.541651063952,continue
667375,22,462778201,1,231389101,1,347083651,2,3,159,0.75000000054,520.072899044765,3.000000002161,2080.29159617906,-0.287682071731,6.25396899222,continue
667375,23,347083651,2,86770913,3,97617277,1,7,166,0.28125000045,146.270503090466,4.500000007203,2340.328049447462,-1.268511323863,4.985457668358,continue
667375,24,97617277,1,48808639,2,36606479,4,4,170,0.375000001281,54.851438846226,3.000000010244,438.811510769807,-0.980829249597,4.004628418761,continue
667375,25,36606479,4,2287905,4,11582519,3,12,182,0.316406256936,17.355338452894,10.125000221955,555.370830492602,-1.150728267886,2.853900150875,continue
667375,26,11582519,3,1447815,2,9772751,4,8,190,0.843750051263,14.643567709309,6.750000410101,117.148541674471,-0.16989897604,2.684001174835,continue
667375,27,9772751,4,610797,2,12368639,8,10,200,1.265625103924,18.533266903915,10.125000831393,148.266135231317,0.235566153426,2.919567328261,continue
667375,28,12368639,8,48315,1,158497357,1,17,217,12.814454120619,237.493698445402,51.257816482476,949.974793781607,2.550573762,5.470141090261,continue
667375,29,158497357,1,79248679,2,59436509,1,4,221,0.375000000789,89.060137104327,3.000000006309,712.481096834613,-0.980829250909,4.489311839353,continue
667375,30,59436509,1,29718255,2,22288691,2,4,225,0.375000002103,33.397551601423,3.000000016825,267.180412811388,-0.980829247404,3.508482591949,continue
667375,31,22288691,2,5572173,2,12537389,1,6,231,0.562500014021,18.786123244053,4.500000112165,150.288985952426,-0.575364119978,2.933118471971,continue
667375,32,12537389,1,6268695,2,4701521,1,4,235,0.37500000997,7.044796403821,3.000000079761,56.358371230568,-0.980829226425,1.952289245546,continue
667375,33,4701521,1,2350761,1,3526141,1,3,238,0.750000053174,5.283597677468,3.000000212697,21.134390709871,-0.287682001553,1.664607243994,continue
667375,34,3526141,1,1763071,2,1322303,6,4,242,0.37500003545,1.981349316351,3.000000283596,15.850794530811,-0.98082915848,0.683778085514,continue
667375,35,1322303,6,20661,2,3765467,2,14,256,2.847658214494,5.64220565649,22.781265715952,45.13764525192,1.046496977392,1.730275062906,continue
667375,36,3765467,2,941367,1,4236151,3,5,261,1.125000165982,6.347482300056,4.500000663928,25.389929200225,0.117783183196,1.848058246102,continue
667375,37,4236151,3,529519,2,3574253,1,8,269,0.843750140163,5.355689080352,6.750001121301,42.845512642817,-0.169898870677,1.678159375425,continue
667375,38,3574253,1,1787127,2,1340345,1,4,273,0.375000034972,2.008383592433,3.000000279779,16.067068739464,-0.980829159752,0.697330215673,continue
667375,39,1340345,1,670173,1,1005259,2,3,276,0.750000186519,1.506288068927,3.000000746077,6.025152275707,-0.28768182376,0.409648391914,continue
667375,40,1005259,2,251315,1,1130917,1,5,281,1.12500062173,1.694575014048,4.500002486921,6.77830005619,0.117783588305,0.527431980219,continue
667375,41,1130917,1,565459,3,212047,4,5,286,0.187500055265,0.317732908784,3.000000884238,5.083726540551,-1.673976138826,-1.146544158607,drop
704623,1,704623,4,44039,1,1783579,2,9,9,2.531252882747,2.531252882747,10.125011530989,10.125011530989,0.928714390735,0.928714390735,continue
704623,2,1783579,2,445895,1,2006527,9,5,14,1.125000350419,2.84766038009,4.500001401676,11.390641520359,0.11778334714,1.046497737875,continue
704623,3,2006527,9,3919,2,19284419,2,20,34,9.610844508945,27.368421127326,76.88675607156,218.94736901861,2.262892097263,3.309389835138,continue
704623,4,19284419,2,4821105,3,5423743,7,7,41,0.281250008102,7.69736866381,4.500000129638,123.157898620965,-1.268511296655,2.040878538483,continue
704623,5,5423743,7,42373,1,46334875,2,15,56,8.542970232918,65.758391366731,34.171880931674,263.033565466923,2.145108749781,4.185987288264,continue
704623,6,46334875,2,11583719,1,52126735,4,5,61,1.125000013489,73.978191174571,4.500000053955,295.912764698285,0.117783047646,4.30377033591,continue
704623,7,52126735,4,3257921,4,16493225,1,12,73,0.316406254871,23.407162411673,10.12500015587,749.029197173524,-1.150728274413,3.153042061498,continue
704623,8,16493225,1,8246613,1,12369919,14,3,76,0.750000015158,17.555372163554,3.000000060631,70.221488654217,-0.287682052241,2.865360009256,continue
704623,9,12369919,14,755,1,1805570797,1,29,105,145.964641886499,2562.463611037392,583.858567545996,10249.854444149567,4.983364413519,7.848724422775,continue
704623,10,1805570797,1,902785399,2,677089049,1,4,109,0.375000000069,960.923854316422,3.000000000554,7687.390834531374,-0.980829252827,6.867895169948,continue
704623,11,677089049,1,338544525,1,507816787,2,3,112,0.750000000369,720.692891092116,3.000000001477,2882.771564368464,-0.287682071959,6.580213097988,continue
704623,12,507816787,2,126954197,2,285646943,5,6,118,0.562500000615,405.389751682815,4.500000004923,3243.118013462518,-0.57536414381,6.004848954179,continue
704623,13,285646943,5,8926467,3,271141435,2,13,131,0.949218752885,384.803554524902,15.187500046167,6156.856872398432,-0.052115998099,5.95273295608,continue
704623,14,271141435,2,67785359,1,305034115,2,5,136,1.125000002305,432.903999727514,4.50000000922,1731.615998910055,0.117783037705,6.070515993785,continue
704623,15,305034115,2,76258529,3,85790845,1,7,143,0.281250000512,121.754250145113,4.500000008196,1948.068002321809,-1.268511323642,4.802004670143,continue
704623,16,85790845,1,42895423,2,32171567,4,4,147,0.375000001457,45.657843981817,3.000000011656,365.262751854538,-0.980829249126,3.821175421017,continue
704623,17,32171567,4,2010723,1,81434281,1,9,156,2.531250063138,115.571420461722,10.125000252552,462.285681846888,0.928713276816,4.749888697833,continue
704623,18,81434281,1,40717141,1,61075711,8,3,159,0.75000000307,86.678565701091,3.00000001228,346.714262804365,-0.287682068359,4.462206629474,continue
704623,19,61075711,8,238577,4,97831481,1,20,179,1.601806665828,138.84230432444,51.257813306504,4442.953738382085,0.47113215836,4.933338787834,continue
704623,20,97831481,1,48915741,1,73373611,2,3,182,0.750000002555,104.13172859813,3.000000010222,416.526914392519,-0.287682069045,4.645656718789,continue
704623,21,73373611,2,18343403,1,82545313,1,5,187,1.125000008518,117.148195559895,4.500000034072,468.592782239581,0.117783043228,4.763439762017,continue
704623,22,82545313,1,41272657,1,61908985,1,3,190,0.750000003029,87.861147024721,3.000000012115,351.444588098884,-0.287682068414,4.475757693604,continue
704623,23,61908985,1,30954493,1,46431739,2,3,193,0.750000004038,65.89586062334,3.000000016153,263.583442493362,-0.287682067068,4.188075626536,continue
704623,24,46431739,2,11607935,1,52235707,2,5,198,1.125000013461,74.132844088257,4.500000053842,296.531376353029,0.117783047621,4.305858674158,continue
704623,25,52235707,2,13058927,1,58765171,2,5,203,1.125000011965,83.399450486288,4.50000004786,333.597801945154,0.117783046292,4.42364172045,continue
704623,26,58765171,2,14691293,2,33055409,1,6,209,0.562500005318,46.912191342037,4.500000042542,375.297530736294,-0.57536413545,3.848277585,continue
704623,27,33055409,1,16527705,1,24791557,1,3,212,0.750000007563,35.184143861327,3.000000030252,140.736575445309,-0.287682062368,3.560595522632,continue
704623,28,24791557,1,12395779,3,4648417,1,5,217,0.187500002521,6.597027062699,3.000000040336,105.55243300318,-1.673976420126,1.886619102506,continue
704623,29,4648417,1,2324209,1,3486313,1,3,220,0.750000053782,4.947770651824,3.000000215127,19.791082607295,-0.287682000743,1.598937101763,continue
704623,30,3486313,1,1743157,1,2614735,4,3,223,0.750000071709,3.710828343667,3.000000286836,14.84331337467,-0.28768197684,1.311255124923,continue
704623,31,2614735,4,163421,2,3309275,2,10,233,1.265625388424,4.696518563828,10.125003107389,37.572148510622,0.235566378215,1.546821503139,continue
704623,32,3309275,2,827319,1,3722935,3,5,238,1.125000188863,5.283584271305,4.500000755452,21.134337085221,0.117783203535,1.664604706673,continue
704623,33,3722935,3,465367,2,3141227,2,8,246,0.843750159484,4.458025071563,6.750001275875,35.664200572505,-0.169898847777,1.494705858897,continue
704623,34,3141227,2,785307,1,3533881,1,5,251,1.125000198967,5.015279092508,4.500000795867,20.06111637003,0.117783212516,1.612489071412,continue
704623,35,3533881,1,1766941,1,2650411,2,3,254,0.750000070744,3.76145967418,3.000000282975,15.045838696722,-0.287681978127,1.324807093286,continue
704623,36,2650411,2,662603,1,2981713,1,5,259,1.125000235812,4.231643020452,4.50000094325,16.926572081808,0.117783245267,1.442590338553,continue
704623,37,2981713,1,1490857,1,2236285,1,3,262,0.750000083844,3.173732620139,3.000000335378,12.694930480555,-0.287681960659,1.154908377894,continue
704623,38,2236285,1,1118143,2,838607,4,4,266,0.375000055896,1.190149909952,3.00000044717,9.521199279615,-0.980829103955,0.174079273939,continue
704623,39,838607,4,52413,2,1061363,2,10,276,1.265626211086,1.506284921156,10.125009688686,12.050279369251,0.23556702822,0.409646302158,continue
704623,40,1061363,2,265341,2,597017,1,6,282,0.562500294433,0.84728571165,4.500002355462,6.7782856932,-0.575363621468,-0.165717319309,drop
159487,1,159487,8,623,1,2043751,3,17,17,12.814530337896,12.814530337896,51.258121351584,51.258121351584,2.550579709741,2.550579709741,continue
159487,2,2043751,3,255469,1,3448831,13,7,24,1.687500581039,21.624527390947,6.750002324158,86.498109563789,0.523248488084,3.073828197825,continue
159487,3,3448831,13,421,1,335604991,8,27,51,97.309781488278,2104.278035200361,389.239125953113,8417.112140801444,4.57789951331,7.651727711135,continue
159487,4,335604991,8,1310957,2,2150297219,2,18,69,6.407226580847,13482.586160627512,51.257812646773,107860.6892850201,1.857426506609,9.509154217744,continue
159487,5,2150297219,2,537574305,3,604771093,1,7,76,0.281250000073,3791.977358656191,4.500000001163,60671.63773849906,-1.268511325205,8.240642892539,continue
159487,6,604771093,1,302385547,5,28348645,1,7,83,0.046875000026,177.748938784979,3.000000001654,11375.932082238678,-3.06027079414,5.180372098398,continue
159487,7,28348645,1,14174323,3,5315371,2,5,88,0.187500002205,33.327926414065,3.000000035275,533.246822625042,-1.673976421813,3.506395676585,continue
159487,8,5315371,2,1328843,1,5979793,1,5,93,1.125000117584,37.493921134638,4.500000470334,149.975684538552,0.117783140175,3.62417881676,continue
159487,9,5979793,1,2989897,1,4484845,1,3,96,0.750000041807,28.120442418504,3.00000016723,112.481769674017,-0.287682016708,3.336496800051,continue
159487,10,4484845,1,2242423,2,1681817,1,4,100,0.375000027872,10.545166690702,3.000000222973,84.361333525617,-0.980829178687,2.355667621364,continue
159487,11,1681817,1,840909,1,1261363,2,3,103,0.750000148649,7.908876585552,3.000000594595,31.63550634221,-0.287681874253,2.067985747111,continue
159487,12,1261363,2,315341,2,709517,1,6,109,0.562500247748,4.448745038781,4.500001981983,35.589960310245,-0.575363704463,1.492622042648,continue
159487,13,709517,1,354759,2,266069,1,4,113,0.375000176176,1.668280173306,3.000001409409,13.346241386445,-0.980828783209,0.511793259439,continue
159487,14,266069,1,133035,8,1559,3,10,123,0.005859382341,0.009775091387,3.000003758424,5.004846790021,-5.139711083564,-4.627917824125,drop
270271,1,270271,6,4223,1,1539283,2,13,13,5.695331722604,5.695331722604,22.781326890417,22.781326890417,1.739646843246,1.739646843246,continue
270271,2,1539283,2,384821,2,865847,3,6,19,0.562500203017,3.203625250212,4.500001624133,25.629002001695,-0.575363783985,1.16428305926,continue
270271,3,865847,3,108231,2,730559,6,8,27,0.843750685745,2.703061001735,6.750005485958,21.624488013882,-0.169898224061,0.994384835199,continue
270271,4,730559,6,11415,1,4160767,8,13,40,5.695319611421,15.39479633405,22.781278445683,61.5791853362,1.739644716733,2.734029551932,continue
270271,5,4160767,8,16253,2,26658983,3,18,58,6.40722804233,98.637970777479,51.257824338638,789.103766219831,1.857426734708,4.59145628664,continue
270271,6,26658983,3,3332373,1,44987035,2,7,65,1.687500044544,166.451580080734,6.750000178176,665.806320322935,0.523248170161,5.114704456801,continue
270271,7,44987035,2,11246759,1,50610415,4,5,70,1.125000013893,187.258029903319,4.500000055572,749.032119613277,0.117783048006,5.232487504807,continue
270271,8,50610415,4,3163151,1,128107615,5,9,79,2.531250040135,473.996895708382,10.12500016054,1895.987582833526,0.928713267729,6.161200772535,continue
270271,9,128107615,5,4003363,3,121602151,3,13,92,0.949218756434,449.926743897791,15.187500102941,7198.827902364664,-0.052115994361,6.109084778174,continue
270271,10,121602151,3,15200269,1,205203631,4,7,99,1.687500009765,759.251384721261,6.750000039062,3037.005538885045,0.523248149551,6.632332927726,continue
270271,11,205203631,4,12825227,1,519421693,1,9,108,2.531250009899,1921.855075091297,10.125000039595,7687.420300365189,0.928713255783,7.561046183509,continue
270271,12,519421693,1,259710847,2,194783135,5,4,112,0.375000000241,720.695653621735,3.000000001925,5765.565228973882,-0.98082925237,6.580216931139,continue
270271,13,194783135,5,6086973,1,739567219,2,11,123,3.796875016926,2736.391322043431,15.187500067703,10945.565288173722,1.334178364439,7.914395295578,continue
270271,14,739567219,2,184891805,2,416006561,1,6,129,0.562500000423,1539.220119805677,4.50000000338,12313.760958445413,-0.575364144152,7.339031151425,continue
270271,15,416006561,1,208003281,1,312004921,1,3,132,0.750000000601,1154.415090779255,3.000000002404,4617.660363117019,-0.287682071651,7.051349079775,continue
270271,16,312004921,1,156002461,1,234003691,2,3,135,0.750000000801,865.811319009439,3.000000003205,3463.245276037755,-0.287682071383,6.763667008391,continue
270271,17,234003691,2,58500923,1,263254153,1,5,140,1.125000002671,974.037736198112,4.500000010684,3896.150944792449,0.117783038031,6.881450046422,continue
270271,18,263254153,1,131627077,1,197440615,3,3,143,0.75000000095,730.528303073582,3.000000003799,2922.113212294327,-0.287682071186,6.593767975236,continue
270271,19,197440615,3,24680077,1,333181039,4,7,150,1.687500006014,1232.766515830407,6.750000024058,4931.066063321629,0.523248147329,7.117016122565,continue
270271,20,333181039,4,20823815,1,843364507,2,9,159,2.531250006097,3120.440250711323,10.125000024386,12481.761002845293,0.928713254281,8.045729376846,continue
270271,21,843364507,2,210841127,1,948785071,4,5,164,1.125000000741,3510.495284362732,4.500000002964,14041.981137450928,0.117783036315,8.163512413161,continue
270271,22,948785071,4,59299067,1,2401612213,1,9,173,2.531250002141,8885.941196058771,10.125000008564,35543.764784235085,0.928713252718,9.09222566588,continue
270271,23,2401612213,1,1200806107,4,225151145,1,6,179,0.093750000013,833.056987246134,3.000000000416,26657.823591876302,-2.367123613993,6.725102051887,continue
270271,24,225151145,1,112575573,1,168863359,7,3,182,0.75000000111,624.792741359598,3.000000004441,2499.170965438394,-0.287682070971,6.437419980916,continue
270271,25,168863359,7,1319245,1,1442594407,3,15,197,8.54296879763,5337.584894420785,34.17187519052,21350.33957768314,2.145108581773,8.582528562688,continue
270271,26,1442594407,3,180324301,1,2434378063,4,7,204,1.687500000823,9007.174513728813,6.750000003293,36028.69805491525,0.523248144252,9.105776706941,continue
270271,27,2434378063,4,152148629,2,3081009737,1,10,214,1.265625000417,11399.70524769583,10.125000003338,91197.64198156664,0.235566071642,9.341342778583,continue
270271,28,3081009737,1,1540504869,1,2310757303,3,3,217,0.750000000081,8549.778936696872,3.000000000325,34199.11574678749,-0.287682072344,9.053660706239,continue
270271,29,2310757303,3,288844663,2,1949701475,2,8,225,0.843750000257,7213.875980034853,6.750000002056,57711.00784027883,-0.169899036491,8.883761669749,continue
270271,30,1949701475,2,487425369,5,137088385,1,9,234,0.07031250002,507.225654990732,4.500000001282,32462.441919406818,-2.654805686298,6.22895598345,continue
270271,31,137088385,1,68544193,1,102816289,1,3,237,0.750000001824,380.419242168046,3.000000007295,1521.676968672185,-0.28768207002,5.94127391343,continue
270271,32,102816289,1,51408145,1,77112217,1,3,240,0.750000002432,285.314432551032,3.000000009726,1141.257730204128,-0.28768206921,5.65359184422,continue
270271,33,77112217,1,38556109,1,57834163,2,3,243,0.750000003242,213.985825338272,3.000000012968,855.943301353086,-0.287682068129,5.365909776091,continue
270271,34,57834163,2,14458541,2,32531717,1,6,249,0.562500005403,120.367027909025,4.500000043227,962.936223272197,-0.575364135298,4.790545640794,continue
270271,35,32531717,1,16265859,3,6099697,1,5,254,0.187500001921,22.568817964191,3.000000030739,361.101087427064,-1.673976423325,3.116569217468,continue
270271,36,6099697,1,3049849,1,4574773,1,3,257,0.750000040986,16.926614398141,3.000000163943,67.706457592565,-0.287682017804,2.828887199664,continue
270271,37,4574773,1,2287387,4,428885,1,6,263,0.093750006831,1.58687021545,3.00000021859,50.779846894413,-2.367123541268,0.461763658396,continue
270271,38,428885,1,214443,8,2513,1,10,273,0.005859379554,0.009298074895,3.000002331627,4.760614346341,-5.139711559163,-4.677947900767,drop
288615,1,288615,3,36077,1,487039,7,7,7,1.687504114478,1.687504114478,6.750016457911,6.750016457911,0.523250581971,0.523250581971,continue
288615,2,487039,7,3805,1,4160767,8,15,22,8.542985264014,14.416322782946,34.171941056055,57.665291131785,2.145110509249,2.668361091219,continue
288615,3,4160767,8,16253,2,26658983,3,18,40,6.40722804233,92.368667602169,51.257824338638,738.949340817352,1.857426734708,4.525787825927,continue
288615,4,26658983,3,3332373,1,44987035,2,7,47,1.687500044544,155.872130693138,6.750000178176,623.488522772552,0.523248170161,5.049035996088,continue
288615,5,44987035,2,11246759,1,50610415,4,5,52,1.125000013893,175.356149195295,4.500000055572,701.424596781179,0.117783048006,5.166819044094,continue
288615,6,50610415,4,3163151,1,128107615,5,9,61,2.531250040135,443.870259688512,10.12500016054,1775.481038754049,0.928713267729,6.095532311822,continue
288615,7,128107615,5,4003363,3,121602151,3,13,74,0.949218756434,421.329975919477,15.187500102941,6741.27961471164,-0.052115994361,6.043416317461,continue
288615,8,121602151,3,15200269,1,205203631,4,7,81,1.687500009765,710.994338478596,6.750000039062,2843.977353914384,0.523248149551,6.566664467013,continue
288615,9,205203631,4,12825227,1,519421693,1,9,90,2.531250009899,1799.704426311869,10.125000039595,7198.817705247475,0.928713255783,7.495377722796,continue
288615,10,519421693,1,259710847,2,194783135,5,4,94,0.375000000241,674.889160300054,3.000000001925,5399.11328240043,-0.98082925237,6.514548470426,continue
288615,11,194783135,5,6086973,1,739567219,2,11,105,3.796875016926,2562.469791937356,15.187500067703,10249.879167749425,1.334178364439,7.848726834865,continue
288615,12,739567219,2,184891805,2,416006561,1,6,111,0.562500000423,1441.38925904752,4.50000000338,11531.11407238016,-0.575364144152,7.273362690713,continue
288615,13,416006561,1,208003281,1,312004921,1,3,114,0.750000000601,1081.041945151846,3.000000002404,4324.167780607384,-0.287682071651,6.985680619062,continue
288615,14,312004921,1,156002461,1,234003691,2,3,117,0.750000000801,810.78145973009,3.000000003205,3243.125838920361,-0.287682071383,6.697998547679,continue
288615,15,234003691,2,58500923,1,263254153,1,5,122,1.125000002671,912.129144361866,4.500000010684,3648.516577447464,0.117783038031,6.815781585709,continue
288615,16,263254153,1,131627077,1,197440615,3,3,125,0.75000000095,684.096859137605,3.000000003799,2736.387436550422,-0.287682071186,6.528099514524,continue
288615,17,197440615,3,24680077,1,333181039,4,7,132,1.687500006014,1154.413453909187,6.750000024058,4617.653815636748,0.523248147329,7.051347661852,continue
288615,18,333181039,4,20823815,1,843364507,2,9,141,2.531250006097,2922.109062245552,10.125000024386,11688.436248982209,0.928713254281,7.980060916133,continue
288615,19,843364507,2,210841127,1,948785071,4,5,146,1.125000000741,3287.372697191761,4.500000002964,13149.490788767043,0.117783036315,8.097843952449,continue
288615,20,948785071,4,59299067,1,2401612213,1,9,155,2.531250002141,8321.162146804567,10.125000008564,33284.64858721827,0.928713252718,9.026557205167,continue
288615,21,2401612213,1,1200806107,4,225151145,1,6,161,0.093750000013,780.108951371204,3.000000000416,24963.486443878523,-2.367123613993,6.659433591174,continue
288615,22,225151145,1,112575573,1,168863359,7,3,164,0.75000000111,585.081714394609,3.000000004441,2340.326857578435,-0.287682070971,6.371751520203,continue
288615,23,168863359,7,1319245,1,1442594407,3,15,179,8.54296879763,4998.334830137033,34.17187519052,19993.339320548133,2.145108581773,8.516860101976,continue
288615,24,1442594407,3,180324301,1,2434378063,4,7,186,1.687500000823,8434.690029970723,6.750000003293,33738.76011988289,0.523248144252,9.040108246228,continue
288615,25,2434378063,4,152148629,2,3081009737,1,10,196,1.265625000417,10675.154572700656,10.125000003338,85401.23658160525,0.235566071642,9.27567431787,continue
288615,26,3081009737,1,1540504869,1,2310757303,3,3,199,0.750000000081,8006.365930391698,3.000000000325,32025.463721566794,-0.287682072344,8.987992245527,continue
288615,27,2310757303,3,288844663,2,1949701475,2,8,207,0.843750000257,6755.371255825235,6.750000002056,54042.97004660188,-0.169899036491,8.818093209036,continue
288615,28,1949701475,2,487425369,5,137088385,1,9,216,0.07031250002,474.987041560556,4.500000001282,30399.170659875614,-2.654805686298,6.163287522737,continue
288615,29,137088385,1,68544193,1,102816289,1,3,219,0.750000001824,356.240282036623,3.000000007295,1424.961128146493,-0.28768207002,5.875605452717,continue
288615,30,102816289,1,51408145,1,77112217,1,3,222,0.750000002432,267.180212393673,3.000000009726,1068.720849574693,-0.28768206921,5.587923383507,continue
288615,31,77112217,1,38556109,1,57834163,2,3,225,0.750000003242,200.385160161461,3.000000012968,801.540640645843,-0.287682068129,5.300241315378,continue
288615,32,57834163,2,14458541,2,32531717,1,6,231,0.562500005403,112.716653673579,4.500000043227,901.733229388632,-0.575364135298,4.724877180081,continue
288615,33,32531717,1,16265859,3,6099697,1,5,236,0.187500001921,21.134372780348,3.000000030739,338.14996448556,-1.673976423325,3.050900756755,continue
288615,34,6099697,1,3049849,1,4574773,1,3,239,0.750000040986,15.850780451466,3.000000163943,63.403121805866,-0.287682017804,2.763218738951,continue
288615,35,4574773,1,2287387,4,428885,1,6,245,0.093750006831,1.486010775601,3.00000021859,47.552344819223,-2.367123541268,0.396095197683,continue
288615,36,428885,1,214443,8,2513,1,10,255,0.005859379554,0.008707101156,3.000002331627,4.458035791626,-5.139711559163,-4.74361636148,drop
704511,1,704511,14,43,1,102833833,1,29,29,145.964836602977,145.964836602977,583.859346411908,583.859346411908,4.983365747515,4.983365747515,continue
704511,2,102833833,1,51416917,1,77125375,8,3,32,0.750000002431,109.473627807089,3.000000009724,437.894511228356,-0.28768206921,4.695683678305,continue
704511,3,77125375,8,301271,1,988319515,2,17,49,12.814453284668,1402.84468943707,51.257813138672,5611.378757748282,2.550573696765,7.24625737507,continue
704511,4,988319515,2,247079879,1,1111859455,8,5,54,1.125000000632,1578.200276503844,4.50000000253,6312.801106015378,0.117783036219,7.364040411289,continue
704511,5,1111859455,8,4343201,6,445245965,1,22,76,0.400451660502,631.99292133125,51.257812544302,80895.09393039995,-0.91516221763,6.448878193659,continue
704511,6,445245965,1,222622983,2,166967237,1,4,80,0.375000000281,236.997345676647,3.000000002246,1895.978765413173,-0.980829252263,5.468048941396,continue
704511,7,166967237,1,83483619,3,31306357,1,5,85,0.187500000374,44.437002403085,3.000000005989,710.992038449364,-1.673976431575,3.794072509821,continue
704511,8,31306357,1,15653179,4,2934971,2,6,91,0.093750000998,4.165969019646,3.000000031942,133.31100862868,-2.367123603484,1.426948906336,continue
704511,9,2934971,2,733743,1,3301843,2,5,96,1.125000212949,4.686716034242,4.500000851797,18.746864136969,0.117783224945,1.544732131281,continue
704511,10,3301843,2,825461,2,1857287,3,6,102,0.562500094644,2.636278212831,4.500000757153,21.09022570265,-0.575363976647,0.969368154634,continue
704511,11,1857287,3,232161,1,3134173,1,7,109,1.687500639373,4.448721169719,6.750002557494,17.794884678877,0.523248522652,1.492616677286,continue
704511,12,3134173,1,1567087,2,1175315,2,4,113,0.375000039883,1.668270616073,3.000000319063,13.346164928582,-0.980829146657,0.511787530629,continue
704511,13,1175315,2,293829,2,661115,2,6,119,0.562500265886,0.938402665111,4.500002127089,7.507221320888,-0.575363672217,-0.063576141588,drop
405407,1,405407,5,12669,1,1539283,2,11,11,3.79688313226,3.79688313226,15.187532529039,15.187532529039,1.334180501808,1.334180501808,continue
405407,2,1539283,2,384821,2,865847,3,6,17,0.562500203017,2.135747532726,4.500001624133,17.085980261811,-0.575363783985,0.758816717823,continue
405407,3,865847,3,108231,2,730559,6,8,25,0.843750685745,1.802038445315,6.750005485958,14.416307562524,-0.169898224061,0.588918493762,continue
405407,4,730559,6,11415,1,4160767,8,13,38,5.695319611421,10.263184898139,22.781278445683,41.052739592558,1.739644716733,2.328563210495,continue
405407,5,4160767,8,16253,2,26658983,3,18,56,6.40722804233,65.758566082973,51.257824338638,526.068528663787,1.857426734708,4.185989945203,continue
405407,6,26658983,3,3332373,1,44987035,2,7,63,1.687500044544,110.967583194173,6.750000178176,443.870332776691,0.523248170161,4.709238115364,continue
405407,7,44987035,2,11246759,1,50610415,4,5,68,1.125000013893,124.838532635105,4.500000055572,499.35413054042,0.117783048006,4.827021163369,continue
405407,8,50610415,4,3163151,1,128107615,5,9,77,2.531250040135,315.997540743006,10.12500016054,1263.990162972026,0.928713267729,5.755734431098,continue
405407,9,128107615,5,4003363,3,121602151,3,13,90,0.949218756434,299.950792660216,15.187500102941,4799.212682563449,-0.052115994361,5.703618436737,continue
405407,10,121602151,3,15200269,1,205203631,4,7,97,1.687500009765,506.166965543269,6.750000039062,2024.667862173075,0.523248149551,6.226866586288,continue
405407,11,205203631,4,12825227,1,519421693,1,9,106,2.531250009899,1281.235136541796,10.125000039595,5124.940546167185,0.928713255783,7.155579842072,continue
405407,12,519421693,1,259710847,2,194783135,5,4,110,0.375000000241,480.463176511506,3.000000001925,3843.705412092046,-0.98082925237,6.174750589702,continue
405407,13,194783135,5,6086973,1,739567219,2,11,121,3.796875016926,1824.258631449383,15.187500067703,7297.034525797532,1.334178364439,7.50892895414,continue
405407,14,739567219,2,184891805,2,416006561,1,6,127,0.562500000423,1026.145480961108,4.50000000338,8209.163847688866,-0.575364144152,6.933564809988,continue
405407,15,416006561,1,208003281,1,312004921,1,3,130,0.750000000601,769.609111337495,3.000000002404,3078.436445349982,-0.287682071651,6.645882738337,continue
405407,16,312004921,1,156002461,1,234003691,2,3,133,0.750000000801,577.206834119786,3.000000003205,2308.827336479143,-0.287682071383,6.358200666954,continue
405407,17,234003691,2,58500923,1,263254153,1,5,138,1.125000002671,649.35768992642,4.500000010684,2597.430759705679,0.117783038031,6.475983704985,continue
405407,18,263254153,1,131627077,1,197440615,3,3,141,0.75000000095,487.018268061479,3.000000003799,1948.073072245916,-0.287682071186,6.188301633799,continue
405407,19,197440615,3,24680077,1,333181039,4,7,148,1.687500006014,821.843330282901,6.750000024058,3287.373321131603,0.523248147329,6.711549781128,continue
405407,20,333181039,4,20823815,1,843364507,2,9,157,2.531250006097,2080.29093478899,10.125000024386,8321.16373915596,0.928713254281,7.640263035409,continue
405407,21,843364507,2,210841127,1,948785071,4,5,162,1.125000000741,2340.327303179274,4.500000002964,9361.309212717097,0.117783036315,7.758046071724,continue
405407,22,948785071,4,59299067,1,2401612213,1,9,171,2.531250002141,5923.953491182935,10.125000008564,23695.81396473174,0.928713252718,8.686759324442,continue
405407,23,2401612213,1,1200806107,4,225151145,1,6,177,0.093750000013,555.370639875483,3.000000000416,17771.86047601546,-2.367123613993,6.31963571045,continue
405407,24,225151145,1,112575573,1,168863359,7,3,180,0.75000000111,416.527980523277,3.000000004441,1666.111922093106,-0.287682070971,6.031953639478,continue
405407,25,168863359,7,1319245,1,1442594407,3,15,195,8.54296879763,3558.385540950206,34.17187519052,14233.542163800823,2.145108581773,8.177062221251,continue
405407,26,1442594407,3,180324301,1,2434378063,4,7,202,1.687500000823,6004.775603282627,6.750000003293,24019.10241313051,0.523248144252,8.700310365503,continue
405407,27,2434378063,4,152148629,2,3081009737,1,10,212,1.265625000417,7599.794125409773,10.125000003338,60798.353003278185,0.235566071642,8.935876437146,continue
405407,28,3081009737,1,1540504869,1,2310757303,3,3,215,0.750000000081,5699.845594673994,3.000000000325,22799.382378695977,-0.287682072344,8.648194364802,continue
405407,29,2310757303,3,288844663,2,1949701475,2,8,223,0.843750000257,4809.24472197076,6.750000002056,38473.95777576608,-0.169899036491,8.478295328311,continue
405407,30,1949701475,2,487425369,5,137088385,1,9,232,0.07031250002,338.150019609923,4.500000001282,21641.601255035064,-2.654805686298,5.823489642013,continue
405407,31,137088385,1,68544193,1,102816289,1,3,235,0.750000001824,253.612515324106,3.000000007295,1014.450061296426,-0.28768207002,5.535807571992,continue
405407,32,102816289,1,51408145,1,77112217,1,3,238,0.750000002432,190.209387109744,3.000000009726,760.837548438976,-0.28768206921,5.248125502783,continue
405407,33,77112217,1,38556109,1,57834163,2,3,241,0.750000003242,142.657040948972,3.000000012968,570.628163795889,-0.287682068129,4.960443434654,continue
405407,34,57834163,2,14458541,2,32531717,1,6,247,0.562500005403,80.244586304627,4.500000043227,641.956690437018,-0.575364135298,4.385079299356,continue
405407,35,32531717,1,16265859,3,6099697,1,5,252,0.187500001921,15.045860086284,3.000000030739,240.733761380539,-1.673976423325,2.711102876031,continue
405407,36,6099697,1,3049849,1,4574773,1,3,255,0.750000040986,11.284395681377,3.000000163943,45.137582725508,-0.287682017804,2.423420858227,continue
405407,37,4574773,1,2287387,4,428885,1,6,261,0.093750006831,1.057912172212,3.00000021859,33.853189510788,-2.367123541268,0.056297316958,continue
405407,38,428885,1,214443,8,2513,1,10,271,0.005859379554,0.006198708952,3.000002331627,3.173738983293,-5.139711559163,-5.083414242204,drop
